Position1,Position2,ReadCounts
TT,TT,3609
TT,GT,33
TT,CT,46
TT,AT,52
TT,TG,22
TT,GG,31
TT,CG,9
TT,AG,959
TT,TC,399
TT,GC,6
TT,CC,1166
TT,AC,31
TT,TA,13
TT,GA,481
TT,CA,4
TT,AA,61
GT,TT,857
GT,GT,5237
GT,CT,694
GT,AT,2472
GT,TG,1045
GT,GG,1027
GT,CG,1216
GT,AG,460
GT,TC,107
GT,GC,63
GT,CC,825
GT,AC,858
GT,TA,38
GT,GA,254
GT,CA,10
GT,AA,1530
CT,TT,1108
CT,GT,31
CT,CT,2696
CT,AT,74
CT,TG,19
CT,GG,38
CT,CG,40
CT,AG,389
CT,TC,103
CT,GC,23
CT,CC,928
CT,AC,13
CT,TA,10
CT,GA,406
CT,CA,36
CT,AA,1736
AT,TT,1612
AT,GT,84
AT,CT,1399
AT,AT,7482
AT,TG,1212
AT,GG,1187
AT,CG,23
AT,AG,651
AT,TC,276
AT,GC,123
AT,CC,1255
AT,AC,1771
AT,TA,20
AT,GA,349
AT,CA,6
AT,AA,2525
TG,TT,569
TG,GT,19
TG,CT,358
TG,AT,16
TG,TG,1252
TG,GG,574
TG,CG,15
TG,AG,78
TG,TC,78
TG,GC,32
TG,CC,297
TG,AC,496
TG,TA,19
TG,GA,174
TG,CA,5
TG,AA,646
GG,TT,870
GG,GT,40
GG,CT,1049
GG,AT,107
GG,TG,13
GG,GG,2786
GG,CG,24
GG,AG,289
GG,TC,118
GG,GC,26
GG,CC,669
GG,AC,24
GG,TA,7
GG,GA,224
GG,CA,42
GG,AA,884
CG,TT,540
CG,GT,28
CG,CT,334
CG,AT,1575
CG,TG,318
CG,GG,351
CG,CG,2872
CG,AG,123
CG,TC,177
CG,GC,34
CG,CC,445
CG,AC,606
CG,TA,8
CG,GA,110
CG,CA,41
CG,AA,878
AG,TT,42
AG,GT,4
AG,CT,14
AG,AT,28
AG,TG,12
AG,GG,28
AG,CG,14
AG,AG,2003
AG,TC,172
AG,GC,9
AG,CC,526
AG,AC,15
AG,TA,4
AG,GA,149
AG,CA,2
AG,AA,64
TC,TT,35
TC,GT,6
TC,CT,7
TC,AT,2
TC,TG,3
TC,GG,4
TC,CG,2
TC,AG,8
TC,TC,564
TC,GC,11
TC,CC,22
TC,AC,10
TC,TA,2
TC,GA,4
TC,CA,1
TC,AA,10
GC,TT,639
GC,GT,1745
GC,CT,799
GC,AT,1302
GC,TG,467
GC,GG,739
GC,CG,302
GC,AG,230
GC,TC,141
GC,GC,4410
GC,CC,498
GC,AC,660
GC,TA,1493
GC,GA,118
GC,CA,75
GC,AA,1165
CC,TT,6
CC,GT,14
CC,CT,45
CC,AT,41
CC,TG,0
CC,GG,7
CC,CG,14
CC,AG,4
CC,TC,433
CC,GC,51
CC,CC,4281
CC,AC,17
CC,TA,4
CC,GA,832
CC,CA,28
CC,AA,18
AC,TT,889
AC,GT,28
AC,CT,736
AC,AT,83
AC,TG,13
AC,GG,1046
AC,CG,45
AC,AG,309
AC,TC,194
AC,GC,31
AC,CC,509
AC,AC,2959
AC,TA,11
AC,GA,154
AC,CA,142
AC,AA,931
TA,TT,621
TA,GT,1956
TA,CT,122
TA,AT,1398
TA,TG,275
TA,GG,294
TA,CG,840
TA,AG,103
TA,TC,102
TA,GC,76
TA,CC,361
TA,AC,415
TA,TA,2403
TA,GA,84
TA,CA,30
TA,AA,690
GA,TT,14
GA,GT,23
GA,CT,11
GA,AT,16
GA,TG,3
GA,GG,20
GA,CG,7
GA,AG,2
GA,TC,293
GA,GC,18
GA,CC,21
GA,AC,8
GA,TA,7
GA,GA,1032
GA,CA,8
GA,AA,59
CA,TT,749
CA,GT,1751
CA,CT,299
CA,AT,1429
CA,TG,618
CA,GG,245
CA,CG,558
CA,AG,113
CA,TC,63
CA,GC,2554
CA,CC,252
CA,AC,656
CA,TA,884
CA,GA,221
CA,CA,4543
CA,AA,919
AA,TT,2524
AA,GT,20
AA,CT,24
AA,AT,52
AA,TG,10
AA,GG,34
AA,CG,35
AA,AG,803
AA,TC,391
AA,GC,10
AA,CC,1658
AA,AC,55
AA,TA,23
AA,GA,644
AA,CA,22
AA,AA,5416
